Order ID,PO Number,Customer,Order Date,Requested Ship Date,Status,Gmail Message ID,Net Amount,Invoice
O-2025-0001,PO-2025-0001,C-1449,2025-08-13,2025-08-23,Priced,af9590bc1bec8a85328d3c,148.96,I-2025-0001
O-2025-0002,PO-2025-0002,C-1433,2025-07-25,2025-08-04,New,67243c341ca2b411bc60d9,80.85,I-2025-0002
O-2025-0003,PO-2025-0003,C-1440,2025-08-31,2025-09-07,Invoiced,b471f9663644b86fbfcb79,1126.32,I-2025-0003
O-2025-0004,PO-2025-0004,C-1056,2025-10-13,2025-10-19,Priced,cf12d73297b93c44525960,2128.16,I-2025-0004
O-2025-0005,PO-2025-0005,C-1121,2025-09-02,2025-09-11,Sent,8df11b6c2b27f062c7b864,115.0,I-2025-0005
O-2025-0006,PO-2025-0006,C-1456,2025-09-08,2025-09-12,New,839b847eebd28d0621f43b,2431.2,I-2025-0006
O-2025-0007,PO-2025-0007,C-1035,2025-09-05,2025-09-15,Sent,5034e6b5ce8a39132928a6,2602.0,I-2025-0007
O-2025-0008,PO-2025-0008,C-1087,2025-07-23,2025-07-28,Sent,1c22d5e087a5818667488e,887.69,I-2025-0008
O-2025-0009,PO-2025-0009,C-1227,2025-09-23,2025-09-29,Sent,865057ab38ff62b0780415,314.5,I-2025-0009
O-2025-0010,PO-2025-0010,C-1329,2025-09-22,2025-09-30,New,b4afddefa77dcc00e2bd26,1121.86,I-2025-0010
O-2025-0011,PO-2025-0011,C-1440,2025-09-30,2025-10-06,Sent,390dd5be9f8f6da1d8b174,327.81,I-2025-0011
O-2025-0012,PO-2025-0012,C-1141,2025-10-02,2025-10-09,New,7d1e1e215a020a7ef4afdb,83.07,I-2025-0012
O-2025-0013,PO-2025-0013,C-1072,2025-10-03,2025-10-10,Invoiced,d43f47155c8da2f929f6aa,249.84,I-2025-0013
O-2025-0014,PO-2025-0014,C-1133,2025-08-19,2025-08-28,Priced,e8a7759ae515e275e2528c,328.24,I-2025-0014
O-2025-0015,PO-2025-0015,C-1130,2025-09-08,2025-09-15,Invoiced,60e3ee164992249b8f92ac,1244.56,I-2025-0015
O-2025-0016,PO-2025-0016,C-1085,2025-09-19,2025-09-21,Sent,3242d6b28c0218637673e6,6756.75,I-2025-0016
O-2025-0017,PO-2025-0017,C-1374,2025-09-15,2025-09-23,Invoiced,5af0e23580961370416224,254.45,I-2025-0017
O-2025-0018,PO-2025-0018,C-1350,2025-09-27,2025-09-30,Invoiced,1a1dc059677f6c44a9c757,2877.7,I-2025-0018
O-2025-0019,PO-2025-0019,C-1389,2025-09-10,2025-09-13,Priced,5e93db704175ea454d8250,1411.6,I-2025-0019
O-2025-0020,PO-2025-0020,C-1019,2025-09-29,2025-10-07,Priced,11ba64fb3ddb87152fae6f,311.48,I-2025-0020
O-2025-0021,PO-2025-0021,C-1012,2025-08-15,2025-08-21,Sent,b1efc9f98cb093e4b28062,157.74,I-2025-0021
O-2025-0022,PO-2025-0022,C-1067,2025-08-27,2025-09-02,Invoiced,ca13b39b976987855d2d78,362.88,I-2025-0022
O-2025-0023,PO-2025-0023,C-1324,2025-09-23,2025-10-03,Sent,1b84c7729996cc4bf686f1,143.1,I-2025-0023
O-2025-0024,PO-2025-0024,C-1443,2025-08-12,2025-08-20,Invoiced,53e4caaaaa8836c4e2d60d,2685.83,I-2025-0024
O-2025-0025,PO-2025-0025,C-1215,2025-09-14,2025-09-22,Priced,0398196092aaf09c683e7b,154.88,I-2025-0025
O-2025-0026,PO-2025-0026,C-1151,2025-07-31,2025-08-02,Priced,739fcf8195e27f00adfd16,356.5,I-2025-0026
O-2025-0027,PO-2025-0027,C-1424,2025-07-30,2025-08-05,Sent,db06ea7c1dc9cb5a23745b,3864.56,I-2025-0027
O-2025-0028,PO-2025-0028,C-1228,2025-09-03,2025-09-12,Sent,99c243554f2a774bb246a0,2609.08,I-2025-0028
O-2025-0029,PO-2025-0029,C-1261,2025-09-27,2025-10-05,Invoiced,efa9886ead776a13329b13,278.8,I-2025-0029
O-2025-0030,PO-2025-0030,C-1104,2025-09-07,2025-09-09,Priced,15188bdf0934bba3b70981,62.28,I-2025-0030
O-2025-0031,PO-2025-0031,C-1117,2025-08-23,2025-09-01,Invoiced,8c5a311383799d1ec3c970,588.28,I-2025-0031
O-2025-0032,PO-2025-0032,C-1260,2025-09-22,2025-10-02,Priced,a485a8a1c20e872ca1d5ad,1030.5,I-2025-0032
O-2025-0033,PO-2025-0033,C-1157,2025-09-01,2025-09-11,Invoiced,ae3a53622a58796b34ed54,1080.53,I-2025-0033
O-2025-0034,PO-2025-0034,C-1289,2025-09-11,2025-09-19,New,f06a274d3a4d0668bc9741,113.75,I-2025-0034
O-2025-0035,PO-2025-0035,C-1200,2025-10-19,2025-10-28,Priced,f90058747e1fbdd998758a,294.88,I-2025-0035
O-2025-0036,PO-2025-0036,C-1446,2025-10-20,2025-10-27,Sent,5cb35353f49e2a6ccd0f59,436.6,I-2025-0036
O-2025-0037,PO-2025-0037,C-1295,2025-09-03,2025-09-06,Sent,9fc8cd1e9fcc647eba1a58,211.52,I-2025-0037
O-2025-0038,PO-2025-0038,C-1320,2025-09-10,2025-09-12,New,52d9c8a3deeb932418f025,3370.77,I-2025-0038
O-2025-0039,PO-2025-0039,C-1084,2025-09-15,2025-09-21,Priced,ec0ef1f0dd3073c91f8982,65.88,I-2025-0039
O-2025-0040,PO-2025-0040,C-1108,2025-08-03,2025-08-13,Priced,4170c6d5fd6d4f1a67f4a5,1028.61,I-2025-0040
O-2025-0041,PO-2025-0041,C-1080,2025-08-09,2025-08-18,Sent,0cda5622efbc2e1274ae45,107.3,I-2025-0041
O-2025-0042,PO-2025-0042,C-1024,2025-09-30,2025-10-08,Sent,b215361f76e7dc07e458fa,413.0,I-2025-0042
O-2025-0043,PO-2025-0043,C-1067,2025-08-10,2025-08-15,Sent,bb4934b4b798f4e552bdbc,74.24,I-2025-0043
O-2025-0044,PO-2025-0044,C-1018,2025-08-22,2025-08-26,Priced,07d3df6f747ba85f25dc71,3055.5,I-2025-0044
O-2025-0045,PO-2025-0045,C-1219,2025-10-13,2025-10-15,Sent,237184d46f1d86ff3d30b5,186.48,I-2025-0045
O-2025-0046,PO-2025-0046,C-1118,2025-10-19,2025-10-29,Priced,2aad3eb8f630f668675b41,4841.91,I-2025-0046
O-2025-0047,PO-2025-0047,C-1031,2025-09-13,2025-09-17,New,dccf3ca63d1f4e1bf27ac0,249.66,I-2025-0047
O-2025-0048,PO-2025-0048,C-1339,2025-09-17,2025-09-23,Sent,892ecbef0d4a62bd7481bf,209.16,I-2025-0048
O-2025-0049,PO-2025-0049,C-1030,2025-10-12,2025-10-15,Sent,4b4486df11c379a1cb8d68,693.72,I-2025-0049
O-2025-0050,PO-2025-0050,C-1295,2025-08-04,2025-08-07,Sent,39b9db0a77d06cb6e32a54,30.78,I-2025-0050
O-2025-0051,PO-2025-0051,C-1499,2025-08-23,2025-08-29,Invoiced,07f4c3c8565ddd59bd3d1b,234.9,I-2025-0051
O-2025-0052,PO-2025-0052,C-1104,2025-08-25,2025-09-03,Priced,cecf519eb8c86b319e64b8,83.85,I-2025-0052
O-2025-0053,PO-2025-0053,C-1498,2025-08-02,2025-08-09,Sent,708a47df33a30309d6896d,142.5,I-2025-0053
O-2025-0054,PO-2025-0054,C-1221,2025-09-08,2025-09-15,Sent,e55f2df382fc875c9bba8f,179.52,I-2025-0054
O-2025-0055,PO-2025-0055,C-1255,2025-10-06,2025-10-14,New,f07ae7b15f44e096c26a4b,298.22,I-2025-0055
O-2025-0056,PO-2025-0056,C-1349,2025-10-06,2025-10-13,Sent,f0c9c11623fcfd0eb516ba,458.8,I-2025-0056
O-2025-0057,PO-2025-0057,C-1050,2025-08-31,2025-09-07,Priced,641435a1714e08a10f054c,295.2,I-2025-0057
O-2025-0058,PO-2025-0058,C-1326,2025-10-10,2025-10-19,Priced,35de99ebe22d008ffc4452,134.1,I-2025-0058
O-2025-0059,PO-2025-0059,C-1080,2025-10-09,2025-10-16,Sent,e86718553d365eecebd18a,5159.16,I-2025-0059
O-2025-0060,PO-2025-0060,C-1145,2025-09-02,2025-09-06,Invoiced,3f66101894fccb80f49e8a,71.52,I-2025-0060
O-2025-0061,PO-2025-0061,C-1181,2025-09-29,2025-10-01,Sent,a68d8a037235b79906e14e,471.68,I-2025-0061
O-2025-0062,PO-2025-0062,C-1023,2025-08-11,2025-08-15,Invoiced,94eabe4fae60d6d3c40b0c,5791.24,I-2025-0062
O-2025-0063,PO-2025-0063,C-1082,2025-09-23,2025-09-26,Priced,5f4ae684911def872f713d,353.28,I-2025-0063
O-2025-0064,PO-2025-0064,C-1316,2025-09-08,2025-09-17,Sent,7ca8fcb002d427e06f83a5,1804.38,I-2025-0064
O-2025-0065,PO-2025-0065,C-1271,2025-08-28,2025-09-07,Priced,851180bb50ea00069dc080,2500.46,I-2025-0065
O-2025-0066,PO-2025-0066,C-1316,2025-09-10,2025-09-19,Sent,374fa7e7e34bf642b6406e,1342.92,I-2025-0066
O-2025-0067,PO-2025-0067,C-1483,2025-09-12,2025-09-20,Sent,77f75a283b9fbc57dc5467,3952.16,I-2025-0067
O-2025-0068,PO-2025-0068,C-1173,2025-10-01,2025-10-05,Sent,e6f0392faca9c253bc79c8,244.38,I-2025-0068
O-2025-0069,PO-2025-0069,C-1472,2025-07-29,2025-08-05,Sent,5e323d5e9d7b418e268928,3104.92,I-2025-0069
O-2025-0070,PO-2025-0070,C-1050,2025-07-28,2025-08-01,Sent,77c9f579707a551529ae1e,211.03,I-2025-0070
O-2025-0071,PO-2025-0071,C-1309,2025-09-24,2025-09-26,Invoiced,9f548fe052ab4f54faa50d,244.64,I-2025-0071
O-2025-0072,PO-2025-0072,C-1464,2025-09-21,2025-09-29,Priced,b4658f6b2543417acede02,660.45,I-2025-0072
O-2025-0073,PO-2025-0073,C-1079,2025-10-04,2025-10-09,Sent,d00cd92ad7dc11b3b11f0c,106.02,I-2025-0073
O-2025-0074,PO-2025-0074,C-1272,2025-08-16,2025-08-25,Sent,b7b7b9d781f4e931c3dc36,2808.96,I-2025-0074
O-2025-0075,PO-2025-0075,C-1112,2025-09-15,2025-09-21,Sent,b8af4c115b9d1cb0b19e5a,63.09,I-2025-0075
O-2025-0076,PO-2025-0076,C-1416,2025-09-22,2025-09-29,Invoiced,c5f390577edf7e72c6025f,129.92,I-2025-0076
O-2025-0077,PO-2025-0077,C-1304,2025-08-15,2025-08-20,New,625064f837b6f2f0f15743,2548.65,I-2025-0077
O-2025-0078,PO-2025-0078,C-1490,2025-08-31,2025-09-04,Priced,4999855b297053fbeeae74,312.83,I-2025-0078
O-2025-0079,PO-2025-0079,C-1401,2025-10-11,2025-10-16,Sent,9d39e5e62587efb163cb5c,2131.8,I-2025-0079
O-2025-0080,PO-2025-0080,C-1248,2025-10-02,2025-10-06,Sent,f75e3c3e940e8836bd4340,3974.6,I-2025-0080
O-2025-0081,PO-2025-0081,C-1196,2025-10-02,2025-10-06,Invoiced,c144b722f1d855b8aa65d0,2970.01,I-2025-0081
O-2025-0082,PO-2025-0082,C-1368,2025-08-08,2025-08-17,New,128f3cf56c788a62dd71e4,77.44,I-2025-0082
O-2025-0083,PO-2025-0083,C-1432,2025-10-20,2025-10-25,Invoiced,0cff256a6840b61303751e,1838.04,I-2025-0083
O-2025-0084,PO-2025-0084,C-1382,2025-10-10,2025-10-16,Priced,56dc43e6a77fac3161e3cb,611.52,I-2025-0084
O-2025-0085,PO-2025-0085,C-1028,2025-10-13,2025-10-18,Invoiced,e4843257bb76ce79caf110,2581.47,I-2025-0085
O-2025-0086,PO-2025-0086,C-1228,2025-09-09,2025-09-13,New,5afb54a40127efe1afcee2,320.71,I-2025-0086
O-2025-0087,PO-2025-0087,C-1139,2025-07-25,2025-08-03,New,b36606720eafebb34af3bc,219.38,I-2025-0087
O-2025-0088,PO-2025-0088,C-1367,2025-07-29,2025-08-04,Priced,9772a582b526754dc78569,178.75,I-2025-0088
O-2025-0089,PO-2025-0089,C-1442,2025-10-18,2025-10-22,Sent,5ef25abd9fcd6def88948f,169.86,I-2025-0089
O-2025-0090,PO-2025-0090,C-1375,2025-09-08,2025-09-18,Sent,8d356c1a7de30c8121f36d,988.04,I-2025-0090
O-2025-0091,PO-2025-0091,C-1152,2025-08-07,2025-08-12,Priced,c14f656b463697907050bd,5037.48,I-2025-0091
O-2025-0092,PO-2025-0092,C-1486,2025-10-18,2025-10-27,Sent,6fc1413da1659758b791a9,43.62,I-2025-0092
O-2025-0093,PO-2025-0093,C-1238,2025-08-27,2025-09-04,Sent,8b41827d096af1736ba264,314.34,I-2025-0093
O-2025-0094,PO-2025-0094,C-1486,2025-08-06,2025-08-09,Priced,2f907c6be58606b11ea783,450.49,I-2025-0094
O-2025-0095,PO-2025-0095,C-1096,2025-10-16,2025-10-21,Invoiced,f541c268322b00c1a90e2e,1317.92,I-2025-0095
O-2025-0096,PO-2025-0096,C-1246,2025-08-19,2025-08-22,Priced,8ad1ad2c7f12a6afd6c056,541.91,I-2025-0096
O-2025-0097,PO-2025-0097,C-1311,2025-08-20,2025-08-24,Invoiced,f86da3871968bcc044af5d,185.75,I-2025-0097
O-2025-0098,PO-2025-0098,C-1388,2025-10-19,2025-10-29,Sent,9a971758a444485ee954d8,125.62,I-2025-0098
O-2025-0099,PO-2025-0099,C-1394,2025-10-09,2025-10-13,Sent,b3ab83781b439a5ec56be7,106.82,I-2025-0099
O-2025-0100,PO-2025-0100,C-1417,2025-10-01,2025-10-09,New,3ee7f949306f976125c0d4,524.55,I-2025-0100
O-2025-0101,PO-2025-0101,C-1021,2025-10-15,2025-10-17,New,594639948d2853cd39f1bf,347.04,I-2025-0101
O-2025-0102,PO-2025-0102,C-1124,2025-09-19,2025-09-23,Sent,e40a6dd73d672edc0c3a6e,130.25,I-2025-0102
O-2025-0103,PO-2025-0103,C-1191,2025-08-10,2025-08-13,Invoiced,b6c356343970e3b7c6567b,275.52,I-2025-0103
O-2025-0104,PO-2025-0104,C-1188,2025-08-25,2025-09-03,Priced,398830603b298484226d26,179.36,I-2025-0104
O-2025-0105,PO-2025-0105,C-1401,2025-08-14,2025-08-20,Invoiced,fe3c3b11d217cb2e30dc80,559.44,I-2025-0105
O-2025-0106,PO-2025-0106,C-1434,2025-08-08,2025-08-13,Sent,d943213ac1607ca6868ff5,367.36,I-2025-0106
O-2025-0107,PO-2025-0107,C-1086,2025-09-25,2025-10-04,New,01fd1e6407c3cc79c2c62e,283.47,I-2025-0107
O-2025-0108,PO-2025-0108,C-1239,2025-09-08,2025-09-13,Invoiced,60fee4076a69587ed753e2,117.46,I-2025-0108
O-2025-0109,PO-2025-0109,C-1112,2025-10-11,2025-10-21,Priced,759555c9ec68a8b8f2d5bb,98.56,I-2025-0109
O-2025-0110,PO-2025-0110,C-1197,2025-08-27,2025-09-04,Priced,00263ce69f3f20bc3e2a1a,3751.32,I-2025-0110
O-2025-0111,PO-2025-0111,C-1296,2025-10-02,2025-10-12,Sent,d5a8ad9acc3d64f4ff09c4,806.6,I-2025-0111
O-2025-0112,PO-2025-0112,C-1475,2025-08-04,2025-08-14,Invoiced,669439face0666f5547fe6,4705.05,I-2025-0112
O-2025-0113,PO-2025-0113,C-1412,2025-08-13,2025-08-20,Priced,5611c0871fcaf022f5ad59,72.15,I-2025-0113
O-2025-0114,PO-2025-0114,C-1299,2025-08-02,2025-08-04,Invoiced,d326f1998d4194ab19b0da,278.25,I-2025-0114
O-2025-0115,PO-2025-0115,C-1335,2025-10-21,2025-10-29,Invoiced,ecda37b00e2f2b455376ea,4925.25,I-2025-0115
O-2025-0116,PO-2025-0116,C-1336,2025-07-27,2025-08-03,Priced,310d427a6b525f65e9b0cf,68.5,I-2025-0116
O-2025-0117,PO-2025-0117,C-1453,2025-08-09,2025-08-14,Invoiced,74320055951cf32adb4689,244.64,I-2025-0117
O-2025-0118,PO-2025-0118,C-1149,2025-09-29,2025-10-08,New,56ac7eee935974a03e4480,5965.12,I-2025-0118
O-2025-0119,PO-2025-0119,C-1491,2025-08-01,2025-08-07,Invoiced,ef0dbccca7988cde6b2a06,300.38,I-2025-0119
O-2025-0120,PO-2025-0120,C-1477,2025-08-25,2025-08-29,Sent,a6e321e4881fdd03ccff17,5719.86,I-2025-0120
O-2025-0121,PO-2025-0121,C-1343,2025-10-09,2025-10-15,Sent,512c840ecc1122d87ea0dc,108.35,I-2025-0121
O-2025-0122,PO-2025-0122,C-1318,2025-10-12,2025-10-21,Sent,b1f3ae7c6a30705fea6dfd,75.27,I-2025-0122
O-2025-0123,PO-2025-0123,C-1254,2025-10-01,2025-10-11,Sent,590d54d4d04f2462561814,1324.62,I-2025-0123
O-2025-0124,PO-2025-0124,C-1048,2025-08-09,2025-08-19,Invoiced,d5145e23c34d88dc89b484,191.4,I-2025-0124
O-2025-0125,PO-2025-0125,C-1337,2025-09-03,2025-09-09,Sent,21f0e0c612fe352eb1c7b2,306.72,I-2025-0125
O-2025-0126,PO-2025-0126,C-1296,2025-08-16,2025-08-25,Invoiced,03a38569e43d16a7f63422,1943.32,I-2025-0126
O-2025-0127,PO-2025-0127,C-1128,2025-07-28,2025-07-31,Sent,23f9abd0132bcd56aa73a3,225.08,I-2025-0127
O-2025-0128,PO-2025-0128,C-1224,2025-07-29,2025-08-04,New,70e0746e2460c895a7b476,159.25,I-2025-0128
O-2025-0129,PO-2025-0129,C-1331,2025-09-23,2025-10-01,Priced,f8e1b8b4acb09e34cca89c,142.4,I-2025-0129
O-2025-0130,PO-2025-0130,C-1168,2025-10-19,2025-10-29,Invoiced,572bb6b436d99173305735,911.26,I-2025-0130
O-2025-0131,PO-2025-0131,C-1290,2025-08-09,2025-08-14,Invoiced,078b1f8b33500914973531,310.8,I-2025-0131
O-2025-0132,PO-2025-0132,C-1142,2025-09-30,2025-10-04,Sent,b0dd36519e46557b01a042,124.83,I-2025-0132
O-2025-0133,PO-2025-0133,C-1068,2025-08-29,2025-09-07,New,790bb5ccd6bd26202d6121,75.35,I-2025-0133
O-2025-0134,PO-2025-0134,C-1267,2025-10-02,2025-10-12,Sent,eeefe2f89f69c443bc0668,55.6,I-2025-0134
O-2025-0135,PO-2025-0135,C-1118,2025-10-20,2025-10-30,Sent,17e9b28832e89e38584522,244.44,I-2025-0135
O-2025-0136,PO-2025-0136,C-1326,2025-08-03,2025-08-13,New,76a1c7af5000a0c05cc913,1491.28,I-2025-0136
O-2025-0137,PO-2025-0137,C-1384,2025-10-08,2025-10-10,Sent,f5ac844282a848c2d49060,170.0,I-2025-0137
O-2025-0138,PO-2025-0138,C-1194,2025-09-05,2025-09-12,New,b42616c8f50429b8076399,278.96,I-2025-0138
O-2025-0139,PO-2025-0139,C-1065,2025-07-31,2025-08-02,Priced,016d1880a4d2f7e86c8142,560.2,I-2025-0139
O-2025-0140,PO-2025-0140,C-1331,2025-10-16,2025-10-22,Invoiced,236b5b834c1dd4f65ccd06,7292.52,I-2025-0140
O-2025-0141,PO-2025-0141,C-1099,2025-07-25,2025-07-28,Invoiced,4cd8f8e0313b8d4b29ba54,62.64,I-2025-0141
O-2025-0142,PO-2025-0142,C-1107,2025-09-06,2025-09-11,Sent,45b6321198bc8939a33653,3415.02,I-2025-0142
O-2025-0143,PO-2025-0143,C-1255,2025-09-02,2025-09-10,New,fdcb80e30c9568d80b5a7b,3145.74,I-2025-0143
O-2025-0144,PO-2025-0144,C-1349,2025-08-19,2025-08-27,Priced,c204118c48367d9c62bf98,2575.88,I-2025-0144
O-2025-0145,PO-2025-0145,C-1040,2025-08-03,2025-08-09,Sent,bd486bdac5766c0b12c003,276.26,I-2025-0145
O-2025-0146,PO-2025-0146,C-1046,2025-07-26,2025-08-03,Priced,75b123e5d8297d68e9fd4f,951.36,I-2025-0146
O-2025-0147,PO-2025-0147,C-1153,2025-08-22,2025-08-31,Sent,eb863a9115b0d8f9149eb7,1956.24,I-2025-0147
O-2025-0148,PO-2025-0148,C-1483,2025-10-11,2025-10-19,Sent,96c4899baf7e4856f35108,3221.22,I-2025-0148
O-2025-0149,PO-2025-0149,C-1095,2025-08-20,2025-08-26,Sent,c69f09082a76ea238f395a,248.08,I-2025-0149
O-2025-0150,PO-2025-0150,C-1429,2025-08-28,2025-08-30,Sent,fe12b958d295a64c6661d0,431.04,I-2025-0150
O-2025-0151,PO-2025-0151,C-1293,2025-09-04,2025-09-07,Priced,3483c48a00f730d66e10dc,114.24,I-2025-0151
O-2025-0152,PO-2025-0152,C-1485,2025-07-31,2025-08-08,Invoiced,9449d57cd8dfaa05a4e796,361.5,I-2025-0152
O-2025-0153,PO-2025-0153,C-1067,2025-10-07,2025-10-11,Priced,81dbdeef9e1c0ea4f3712e,261.5,I-2025-0153
O-2025-0154,PO-2025-0154,C-1056,2025-09-20,2025-09-30,Sent,73fea12636df578f637e84,52.32,I-2025-0154
O-2025-0155,PO-2025-0155,C-1073,2025-09-11,2025-09-17,Invoiced,f14f33417127ca220217d8,170.17,I-2025-0155
O-2025-0156,PO-2025-0156,C-1294,2025-09-30,2025-10-07,Sent,7b936dd8ed2a503cf0c9b6,637.33,I-2025-0156
O-2025-0157,PO-2025-0157,C-1461,2025-09-12,2025-09-22,Sent,2c5081d2a52faa05fea621,2858.0,I-2025-0157
O-2025-0158,PO-2025-0158,C-1291,2025-09-11,2025-09-20,Sent,f88a398cdf2edcfb3d6bb4,1740.57,I-2025-0158
O-2025-0159,PO-2025-0159,C-1313,2025-09-26,2025-10-06,Invoiced,a4787ceb752e663ca094cf,289.8,I-2025-0159
O-2025-0160,PO-2025-0160,C-1253,2025-09-10,2025-09-20,New,9e8b2d597bc8a0aac5bead,546.26,I-2025-0160
O-2025-0161,PO-2025-0161,C-1016,2025-10-17,2025-10-20,Priced,e2bd428762d923fabdcd3f,230.83,I-2025-0161
O-2025-0162,PO-2025-0162,C-1134,2025-08-02,2025-08-09,Priced,cbe2f6f2f3b59a1df1b50a,187.74,I-2025-0162
O-2025-0163,PO-2025-0163,C-1165,2025-09-23,2025-09-29,Sent,33a1a89e17708b940d3457,188.5,I-2025-0163
O-2025-0164,PO-2025-0164,C-1454,2025-08-19,2025-08-27,Invoiced,d836d0f4dba1fc0579f197,227.9,I-2025-0164
O-2025-0165,PO-2025-0165,C-1185,2025-08-08,2025-08-13,Sent,8d5225cc605c8c7742755b,291.72,I-2025-0165
O-2025-0166,PO-2025-0166,C-1408,2025-09-01,2025-09-07,Priced,2fefc652de0c53a3f2eedc,242.0,I-2025-0166
O-2025-0167,PO-2025-0167,C-1247,2025-07-27,2025-08-06,Priced,a8214d869f77df37a7fa20,250.12,I-2025-0167
O-2025-0168,PO-2025-0168,C-1108,2025-07-31,2025-08-10,Priced,dbc12d29eaa90be8673858,181.65,I-2025-0168
O-2025-0169,PO-2025-0169,C-1461,2025-09-05,2025-09-14,Invoiced,4f84229021ddb6a310dbfa,106.56,I-2025-0169
O-2025-0170,PO-2025-0170,C-1373,2025-08-19,2025-08-23,Sent,e52999befbca9a3832ab39,333.06,I-2025-0170
O-2025-0171,PO-2025-0171,C-1251,2025-10-13,2025-10-22,Sent,e3c4f944cc9b27dd722103,5925.7,I-2025-0171
O-2025-0172,PO-2025-0172,C-1363,2025-09-02,2025-09-06,Invoiced,8e32cc1c6cd82e489fe889,2039.88,I-2025-0172
O-2025-0173,PO-2025-0173,C-1095,2025-08-22,2025-09-01,Priced,0dcfc344eadd911d23bed0,367.54,I-2025-0173
O-2025-0174,PO-2025-0174,C-1102,2025-09-22,2025-09-28,Sent,b393067391f202231ab77a,1244.56,I-2025-0174
O-2025-0175,PO-2025-0175,C-1207,2025-08-05,2025-08-09,Sent,09025b873eb3436302aa48,183.77,I-2025-0175
O-2025-0176,PO-2025-0176,C-1350,2025-09-11,2025-09-21,New,50af242d9b5fbd1bac3a92,333.9,I-2025-0176
O-2025-0177,PO-2025-0177,C-1497,2025-09-19,2025-09-22,New,3e886c2d41b22701978429,2464.68,I-2025-0177
O-2025-0178,PO-2025-0178,C-1442,2025-10-06,2025-10-08,Invoiced,2d8f15f2ea0bd0005ef9c7,232.56,I-2025-0178
O-2025-0179,PO-2025-0179,C-1399,2025-09-05,2025-09-12,Priced,df4d2c70001c13cb6374f7,368.22,I-2025-0179
O-2025-0180,PO-2025-0180,C-1055,2025-08-10,2025-08-12,Sent,15018610b5fd4ff7361306,1604.4,I-2025-0180
O-2025-0181,PO-2025-0181,C-1220,2025-10-07,2025-10-13,Invoiced,385fcc92cfede625132d00,1296.38,I-2025-0181
O-2025-0182,PO-2025-0182,C-1302,2025-07-26,2025-07-29,Sent,09a140a98f1bcda403f1c0,319.92,I-2025-0182
O-2025-0183,PO-2025-0183,C-1476,2025-09-11,2025-09-21,Sent,aa39ad684661340743252b,287.86,I-2025-0183
O-2025-0184,PO-2025-0184,C-1313,2025-09-18,2025-09-20,New,d4edf2307ed16daaaa4de8,977.74,I-2025-0184
O-2025-0185,PO-2025-0185,C-1043,2025-09-17,2025-09-19,Sent,8afe8ddfee42c7e58e9787,2751.96,I-2025-0185
O-2025-0186,PO-2025-0186,C-1215,2025-09-21,2025-09-28,Invoiced,1dd6191a12ea9c96e2b6fa,6180.64,I-2025-0186
O-2025-0187,PO-2025-0187,C-1182,2025-08-21,2025-08-24,Priced,cc650ea24eb8561e9daa2a,591.25,I-2025-0187
O-2025-0188,PO-2025-0188,C-1128,2025-08-25,2025-09-02,New,7410812f5cd68289c38889,213.12,I-2025-0188
O-2025-0189,PO-2025-0189,C-1078,2025-09-28,2025-10-07,Invoiced,10d11f1ef3afa2d3637602,77.91,I-2025-0189
O-2025-0190,PO-2025-0190,C-1206,2025-09-03,2025-09-05,Sent,5fc7496adb4c6d7bee18b9,5451.74,I-2025-0190
O-2025-0191,PO-2025-0191,C-1002,2025-09-12,2025-09-21,Sent,2476d13526646a9eb9b848,172.8,I-2025-0191
O-2025-0192,PO-2025-0192,C-1134,2025-09-01,2025-09-03,New,9ba0a75b6b511a0d8cc356,643.54,I-2025-0192
O-2025-0193,PO-2025-0193,C-1307,2025-07-30,2025-08-07,Invoiced,09a42892466dcb8670c40c,158.25,I-2025-0193
O-2025-0194,PO-2025-0194,C-1276,2025-07-26,2025-08-04,Sent,453cc02d5cecd26b065930,381.6,I-2025-0194
O-2025-0195,PO-2025-0195,C-1151,2025-08-15,2025-08-24,Invoiced,eb76c9612b15f8f8860cf0,4974.2,I-2025-0195
O-2025-0196,PO-2025-0196,C-1066,2025-08-17,2025-08-20,Priced,9f7c0c7f642c1be083c735,202.42,I-2025-0196
O-2025-0197,PO-2025-0197,C-1180,2025-10-12,2025-10-16,Priced,48418c8e5cf0a645a523e1,142.63,I-2025-0197
O-2025-0198,PO-2025-0198,C-1315,2025-09-23,2025-09-26,Invoiced,e63aaa223d8ade508c1cfd,1132.56,I-2025-0198
O-2025-0199,PO-2025-0199,C-1406,2025-08-21,2025-08-28,Sent,8293de0ddcb8b674ed524e,211.4,I-2025-0199
O-2025-0200,PO-2025-0200,C-1420,2025-09-29,2025-10-06,Sent,797c1aaeb5a18f848699f8,1577.46,I-2025-0200
O-2025-0201,PO-2025-0201,C-1297,2025-10-20,2025-10-24,Sent,1da43cdf8fb22383783c21,3083.96,I-2025-0201
O-2025-0202,PO-2025-0202,C-1108,2025-08-14,2025-08-24,Sent,eb83201220187600d9deab,635.54,I-2025-0202
O-2025-0203,PO-2025-0203,C-1408,2025-08-03,2025-08-09,New,be453f9cc4cc8256f5a10b,2058.6,I-2025-0203
O-2025-0204,PO-2025-0204,C-1190,2025-08-27,2025-09-03,Sent,9710b6fa610ae411df34c8,251.7,I-2025-0204
O-2025-0205,PO-2025-0205,C-1268,2025-10-09,2025-10-11,Priced,836386b96670368e97fa79,55.32,I-2025-0205
O-2025-0206,PO-2025-0206,C-1233,2025-08-01,2025-08-10,Sent,092f2ec5da9d20f80fe521,2754.24,I-2025-0206
O-2025-0207,PO-2025-0207,C-1234,2025-08-29,2025-09-01,Sent,249c1ad8499f622f597cee,5274.34,I-2025-0207
O-2025-0208,PO-2025-0208,C-1178,2025-10-18,2025-10-24,Priced,d068092d709f0a3b5402d4,261.45,I-2025-0208
O-2025-0209,PO-2025-0209,C-1454,2025-08-27,2025-08-29,New,7ae82471f1f8ec01cfac01,43.2,I-2025-0209
O-2025-0210,PO-2025-0210,C-1045,2025-09-01,2025-09-05,Invoiced,b05fd7d207c9a07edae94b,157.32,I-2025-0210
O-2025-0211,PO-2025-0211,C-1212,2025-10-06,2025-10-16,Invoiced,d624fc6bfc827cc1eb1405,314.9,I-2025-0211
O-2025-0212,PO-2025-0212,C-1240,2025-08-29,2025-09-03,Sent,cb78e3d286480638ffee88,124.48,I-2025-0212
O-2025-0213,PO-2025-0213,C-1208,2025-08-09,2025-08-19,New,577405955632d985c17bba,146.52,I-2025-0213
O-2025-0214,PO-2025-0214,C-1237,2025-09-25,2025-10-03,New,f054fa0b20b53deb120127,355.47,I-2025-0214
O-2025-0215,PO-2025-0215,C-1441,2025-09-14,2025-09-16,New,13b2efaa4a904f7cbd78eb,256.8,I-2025-0215
O-2025-0216,PO-2025-0216,C-1385,2025-07-31,2025-08-02,New,6f9fc0b905fe68bc18aeff,373.12,I-2025-0216
O-2025-0217,PO-2025-0217,C-1466,2025-09-08,2025-09-15,New,510f99a66ed08b70b374ab,135.9,I-2025-0217
O-2025-0218,PO-2025-0218,C-1358,2025-09-08,2025-09-13,New,67cd502507f5264749aa9c,126.73,I-2025-0218
O-2025-0219,PO-2025-0219,C-1378,2025-07-27,2025-07-29,Invoiced,ed03af8640e167c90e5fe5,216.07,I-2025-0219
O-2025-0220,PO-2025-0220,C-1045,2025-08-13,2025-08-21,Priced,63d6c20b7524feb2e1cd3c,1638.6,I-2025-0220
O-2025-0221,PO-2025-0221,C-1408,2025-10-08,2025-10-12,New,e8197051116858be97f2b6,57.89,I-2025-0221
O-2025-0222,PO-2025-0222,C-1274,2025-10-20,2025-10-25,New,f92e7285edaf2b702342ef,712.05,I-2025-0222
O-2025-0223,PO-2025-0223,C-1143,2025-08-27,2025-09-05,Sent,abedb1ff9bbabb2af4b2d2,268.56,I-2025-0223
O-2025-0224,PO-2025-0224,C-1191,2025-08-16,2025-08-18,Sent,c86e660f0b9e776993caaf,2811.05,I-2025-0224
O-2025-0225,PO-2025-0225,C-1443,2025-10-08,2025-10-10,Sent,2b81c4dbd1629c3178585d,232.2,I-2025-0225
O-2025-0226,PO-2025-0226,C-1202,2025-08-11,2025-08-14,Invoiced,c509cc40f634cb954923d6,60.0,I-2025-0226
O-2025-0227,PO-2025-0227,C-1341,2025-08-09,2025-08-16,Sent,85a188e0bf9a196abeba96,113.39,I-2025-0227
O-2025-0228,PO-2025-0228,C-1499,2025-08-15,2025-08-22,Sent,533ff0b1b5a70f4dc6ba7c,325.92,I-2025-0228
O-2025-0229,PO-2025-0229,C-1185,2025-08-22,2025-08-30,Priced,7d6e98f1341558e9eee415,1220.59,I-2025-0229
O-2025-0230,PO-2025-0230,C-1196,2025-09-11,2025-09-17,Sent,2d37f25bf46e4ffa93efd4,2798.25,I-2025-0230
O-2025-0231,PO-2025-0231,C-1113,2025-10-15,2025-10-24,Priced,fa08a1fde21581e425f4e6,185.0,I-2025-0231
O-2025-0232,PO-2025-0232,C-1334,2025-10-17,2025-10-26,New,7a2ad08ced377965371ea0,3610.46,I-2025-0232
O-2025-0233,PO-2025-0233,C-1033,2025-07-26,2025-08-02,Priced,8f0e7ab127d36939cc36cb,141.0,I-2025-0233
O-2025-0234,PO-2025-0234,C-1194,2025-10-10,2025-10-17,Priced,2c2b92bdc5bf5ea332ac7b,262.96,I-2025-0234
O-2025-0235,PO-2025-0235,C-1187,2025-09-21,2025-09-26,Sent,3368f710f029c182d61721,2581.92,I-2025-0235
O-2025-0236,PO-2025-0236,C-1342,2025-10-11,2025-10-19,Sent,c8463742ffff22b019428a,5334.7,I-2025-0236
O-2025-0237,PO-2025-0237,C-1030,2025-09-09,2025-09-13,Sent,9f3ae3ec7c1a84a71375df,1130.96,I-2025-0237
O-2025-0238,PO-2025-0238,C-1037,2025-08-20,2025-08-28,Priced,a8469ba65475412a11f41c,126.62,I-2025-0238
O-2025-0239,PO-2025-0239,C-1478,2025-10-16,2025-10-19,Invoiced,6f977c0cc02fa1d72a2133,1556.67,I-2025-0239
O-2025-0240,PO-2025-0240,C-1332,2025-09-19,2025-09-27,New,f716e3cf276c75989a63a3,445.44,I-2025-0240
O-2025-0241,PO-2025-0241,C-1309,2025-08-03,2025-08-11,Priced,3faca21011dc76f97e7b06,227.8,I-2025-0241
O-2025-0242,PO-2025-0242,C-1206,2025-08-30,2025-09-08,Invoiced,ee1d65b0d065b70bf99f71,183.68,I-2025-0242
O-2025-0243,PO-2025-0243,C-1165,2025-08-18,2025-08-20,Sent,9b2522634fd9e98956e664,144.69,I-2025-0243
O-2025-0244,PO-2025-0244,C-1132,2025-08-01,2025-08-07,Invoiced,6e9c3bd473ee48aa820569,136.8,I-2025-0244
O-2025-0245,PO-2025-0245,C-1054,2025-07-24,2025-08-02,New,b1705e83ac579d230464e2,141.36,I-2025-0245
O-2025-0246,PO-2025-0246,C-1448,2025-09-06,2025-09-09,New,1b7dd8939adf86ce9f4544,226.2,I-2025-0246
O-2025-0247,PO-2025-0247,C-1479,2025-09-30,2025-10-10,Priced,e42d2a2d3726a03798bc6d,174.9,I-2025-0247
O-2025-0248,PO-2025-0248,C-1441,2025-08-27,2025-09-04,Sent,f2c1a7e14f4d03cdf2d946,6435.2,I-2025-0248
O-2025-0249,PO-2025-0249,C-1267,2025-08-11,2025-08-16,New,0591300367b1ec5d76c95d,89.04,I-2025-0249
O-2025-0250,PO-2025-0250,C-1041,2025-08-14,2025-08-19,Sent,84733bf2241f9bfc1bfa20,58.96,I-2025-0250
O-2025-0251,PO-2025-0251,C-1374,2025-08-05,2025-08-14,Invoiced,b541c9de0588e2aa5d129c,2790.9,I-2025-0251
O-2025-0252,PO-2025-0252,C-1131,2025-09-25,2025-09-29,Sent,7a7c122108f0bf8cb0ef1d,197.28,I-2025-0252
O-2025-0253,PO-2025-0253,C-1078,2025-09-06,2025-09-09,Invoiced,9459be112efb3820d212aa,299.46,I-2025-0253
O-2025-0254,PO-2025-0254,C-1377,2025-07-23,2025-08-02,Sent,344ed4d79e07c05aca1c5c,261.72,I-2025-0254
O-2025-0255,PO-2025-0255,C-1337,2025-08-18,2025-08-22,Sent,9532e7c2526e51c2a9e241,457.56,I-2025-0255
O-2025-0256,PO-2025-0256,C-1388,2025-10-16,2025-10-24,Priced,3aca294c261a90a53b38d0,3894.1,I-2025-0256
O-2025-0257,PO-2025-0257,C-1043,2025-08-14,2025-08-18,New,dc54aeb8d88f40c1580442,3210.24,I-2025-0257
O-2025-0258,PO-2025-0258,C-1476,2025-09-25,2025-10-04,Invoiced,8355b66f64b9b3a12ec230,1064.08,I-2025-0258
O-2025-0259,PO-2025-0259,C-1112,2025-08-06,2025-08-12,Sent,fe9dd1d7d69f4b12b180e6,423.85,I-2025-0259
O-2025-0260,PO-2025-0260,C-1480,2025-08-17,2025-08-21,Invoiced,36d0a52383be826c2cc078,147.75,I-2025-0260
O-2025-0261,PO-2025-0261,C-1433,2025-10-02,2025-10-07,Sent,8eae3d6b8aefecc2738f1f,96.88,I-2025-0261
O-2025-0262,PO-2025-0262,C-1312,2025-08-11,2025-08-14,Sent,db3e79d85fbb6e710cbd2a,228.93,I-2025-0262
O-2025-0263,PO-2025-0263,C-1066,2025-09-20,2025-09-29,Sent,1eb59983b57b0bbb6bd8c9,390.32,I-2025-0263
O-2025-0264,PO-2025-0264,C-1158,2025-10-09,2025-10-19,Invoiced,e259aa0742d047c69f1797,33.5,I-2025-0264
O-2025-0265,PO-2025-0265,C-1287,2025-09-06,2025-09-12,Invoiced,18ccd1747f569c16c845c2,289.71,I-2025-0265
O-2025-0266,PO-2025-0266,C-1428,2025-07-27,2025-07-31,Priced,f068e084d513888dc54d89,223.65,I-2025-0266
O-2025-0267,PO-2025-0267,C-1008,2025-08-11,2025-08-20,Sent,e03abc69d9a0f548c378df,325.05,I-2025-0267
O-2025-0268,PO-2025-0268,C-1272,2025-09-21,2025-09-25,Invoiced,a01c6e13e4f2907af8ed54,4148.26,I-2025-0268
O-2025-0269,PO-2025-0269,C-1313,2025-10-07,2025-10-15,Sent,2ec2d103ea4c44e44c5362,3090.32,I-2025-0269
O-2025-0270,PO-2025-0270,C-1497,2025-08-09,2025-08-15,Priced,51bd903221dec3c2f764ab,3129.66,I-2025-0270
O-2025-0271,PO-2025-0271,C-1300,2025-10-16,2025-10-22,Priced,d2d1187970e8a59474353c,411.84,I-2025-0271
O-2025-0272,PO-2025-0272,C-1061,2025-09-06,2025-09-12,Sent,f74d90380386d13d892e88,157.44,I-2025-0272
O-2025-0273,PO-2025-0273,C-1279,2025-09-21,2025-09-26,New,d6512745aeb7c8191674d7,3138.66,I-2025-0273
O-2025-0274,PO-2025-0274,C-1415,2025-09-11,2025-09-14,Sent,3d2946c4e0990009530eda,114.45,I-2025-0274
O-2025-0275,PO-2025-0275,C-1340,2025-09-27,2025-10-03,Sent,244fc4ceab978ede5b58fb,2356.97,I-2025-0275
O-2025-0276,PO-2025-0276,C-1299,2025-09-20,2025-09-30,Invoiced,eddd48ae710594feccc37d,289.2,I-2025-0276
O-2025-0277,PO-2025-0277,C-1112,2025-10-12,2025-10-14,Priced,8cd113f784e9e0cadd9dd7,58.32,I-2025-0277
O-2025-0278,PO-2025-0278,C-1107,2025-08-20,2025-08-27,New,d58cc7bca3a0b1390f8df4,1506.12,I-2025-0278
O-2025-0279,PO-2025-0279,C-1031,2025-10-19,2025-10-29,Priced,8181402376eec83c2735b6,646.65,I-2025-0279
O-2025-0280,PO-2025-0280,C-1279,2025-09-02,2025-09-10,New,a4a1566995c163f9ade720,215.67,I-2025-0280
O-2025-0281,PO-2025-0281,C-1176,2025-08-23,2025-08-29,Priced,1c4da1e9bf5e5da4d05138,54.21,I-2025-0281
O-2025-0282,PO-2025-0282,C-1074,2025-09-23,2025-10-01,Priced,2dd4441c35306c66bda9fe,178.4,I-2025-0282
O-2025-0283,PO-2025-0283,C-1447,2025-09-01,2025-09-08,New,bdc8e277e0fcffccddcc04,534.66,I-2025-0283
O-2025-0284,PO-2025-0284,C-1241,2025-09-17,2025-09-24,Sent,336c7d1b991f3ddf222420,72.63,I-2025-0284
O-2025-0285,PO-2025-0285,C-1018,2025-10-14,2025-10-21,Invoiced,2440b79b134f3819b4fe24,5965.12,I-2025-0285
O-2025-0286,PO-2025-0286,C-1444,2025-10-04,2025-10-12,Priced,2174244ea361d0366b3726,365.7,I-2025-0286
O-2025-0287,PO-2025-0287,C-1305,2025-09-03,2025-09-08,Priced,cb15680575072f90c373ca,113.4,I-2025-0287
O-2025-0288,PO-2025-0288,C-1381,2025-09-26,2025-10-05,Sent,a720d5ecbcf12cf70430fd,145.44,I-2025-0288
O-2025-0289,PO-2025-0289,C-1048,2025-10-13,2025-10-21,New,539c2beb94dc72932a51e7,551.08,I-2025-0289
O-2025-0290,PO-2025-0290,C-1069,2025-08-26,2025-09-02,Sent,5810191f8e1c86c498676e,479.04,I-2025-0290
O-2025-0291,PO-2025-0291,C-1465,2025-07-24,2025-08-03,Invoiced,4483d81997991409b8def6,443.7,I-2025-0291
O-2025-0292,PO-2025-0292,C-1277,2025-08-26,2025-09-05,Invoiced,7f8198562d2f3babd55ec0,51.9,I-2025-0292
O-2025-0293,PO-2025-0293,C-1366,2025-09-12,2025-09-21,Priced,1089cf11c0fd6cad27eb98,5654.8,I-2025-0293
O-2025-0294,PO-2025-0294,C-1278,2025-09-04,2025-09-10,Invoiced,d1de6f6009d9436eb37e81,7002.8,I-2025-0294
O-2025-0295,PO-2025-0295,C-1257,2025-08-10,2025-08-16,Priced,0aca13c4676994e467b184,567.8,I-2025-0295
O-2025-0296,PO-2025-0296,C-1335,2025-08-20,2025-08-30,Invoiced,e40f605e7be7c5f62e5701,73.15,I-2025-0296
O-2025-0297,PO-2025-0297,C-1282,2025-08-06,2025-08-14,Sent,acf50ae107206018870bb2,111.67,I-2025-0297
O-2025-0298,PO-2025-0298,C-1065,2025-07-26,2025-08-01,Sent,b0b65fcbf460eaef63a6f1,2248.84,I-2025-0298
O-2025-0299,PO-2025-0299,C-1494,2025-08-31,2025-09-09,Sent,45f1f8251ada27066ceecf,1222.2,I-2025-0299
O-2025-0300,PO-2025-0300,C-1437,2025-09-30,2025-10-09,Invoiced,dc47120306ec49ff25430b,272.02,I-2025-0300
O-2025-0301,PO-2025-0301,C-1405,2025-10-12,2025-10-20,Sent,9c24c06bca11a9c8123d64,407.04,I-2025-0301
O-2025-0302,PO-2025-0302,C-1371,2025-07-31,2025-08-10,Invoiced,96064c51101d53b1b30b09,3976.47,I-2025-0302
O-2025-0303,PO-2025-0303,C-1366,2025-10-13,2025-10-23,Priced,f30b17d9e014f3e711bb97,2086.34,I-2025-0303
O-2025-0304,PO-2025-0304,C-1351,2025-10-09,2025-10-11,Sent,494f78dea1f5521728d7b7,441.66,I-2025-0304
O-2025-0305,PO-2025-0305,C-1485,2025-09-14,2025-09-17,Invoiced,88c7d239ca67c87d0e81e2,180.4,I-2025-0305
O-2025-0306,PO-2025-0306,C-1017,2025-07-24,2025-07-28,Sent,a4c2ef2d60f9c8d4a0ca56,1064.08,I-2025-0306
O-2025-0307,PO-2025-0307,C-1165,2025-07-30,2025-08-02,Sent,ed60e35fface2dbb9d94d8,40.02,I-2025-0307
O-2025-0308,PO-2025-0308,C-1417,2025-07-24,2025-07-31,Sent,01e6bcbfb6c3d9541001ce,128.52,I-2025-0308
O-2025-0309,PO-2025-0309,C-1404,2025-09-15,2025-09-18,Priced,35be18177c29c7152dacc7,846.17,I-2025-0309
O-2025-0310,PO-2025-0310,C-1389,2025-09-08,2025-09-14,Invoiced,725703d75cc7fc7b374302,1022.58,I-2025-0310
O-2025-0311,PO-2025-0311,C-1236,2025-10-16,2025-10-20,Priced,224ca6278df7627ea2fdbf,509.2,I-2025-0311
O-2025-0312,PO-2025-0312,C-1355,2025-08-09,2025-08-16,Invoiced,38bd96a04e86a2bcc4508d,1696.44,I-2025-0312
O-2025-0313,PO-2025-0313,C-1438,2025-09-18,2025-09-26,Sent,c5ab60797b52d9d3c4d7db,287.3,I-2025-0313
O-2025-0314,PO-2025-0314,C-1484,2025-10-13,2025-10-17,Invoiced,1175e61760498148935fdf,1230.32,I-2025-0314
O-2025-0315,PO-2025-0315,C-1383,2025-09-13,2025-09-23,New,fe26716017e03f63e05009,203.68,I-2025-0315
O-2025-0316,PO-2025-0316,C-1470,2025-08-27,2025-09-04,Invoiced,dd79c6388f06e425bd819b,1651.2,I-2025-0316
O-2025-0317,PO-2025-0317,C-1441,2025-08-03,2025-08-07,Sent,1650f96266652d84f94b90,31.5,I-2025-0317
O-2025-0318,PO-2025-0318,C-1384,2025-09-24,2025-10-01,Sent,d000b1fd92cecfe304903e,595.92,I-2025-0318
O-2025-0319,PO-2025-0319,C-1184,2025-07-31,2025-08-02,Priced,5a5d09bf4ca0d9dc4c9c3e,125.4,I-2025-0319
O-2025-0320,PO-2025-0320,C-1416,2025-09-29,2025-10-01,Priced,b8a1dcc1e0cc6e99f13737,3351.81,I-2025-0320
O-2025-0321,PO-2025-0321,C-1197,2025-08-15,2025-08-21,Invoiced,9e5f12613736fd45a8e41e,33.84,I-2025-0321
O-2025-0322,PO-2025-0322,C-1014,2025-07-23,2025-07-27,Sent,ee52021535013c1a4a0d79,77.22,I-2025-0322
O-2025-0323,PO-2025-0323,C-1079,2025-08-03,2025-08-13,Invoiced,b4c5ec9bf4876ad3332985,230.12,I-2025-0323
O-2025-0324,PO-2025-0324,C-1278,2025-10-16,2025-10-22,Sent,4e58cb8d8f56c2c0862924,602.8,I-2025-0324
O-2025-0325,PO-2025-0325,C-1285,2025-08-12,2025-08-16,Priced,5c85ce6cf783cea1fc3449,26.7,I-2025-0325
O-2025-0326,PO-2025-0326,C-1426,2025-10-19,2025-10-28,New,60eed0962740b90c93c822,2225.28,I-2025-0326
O-2025-0327,PO-2025-0327,C-1356,2025-07-28,2025-08-05,Sent,e27066ebd0fd638f093241,189.12,I-2025-0327
O-2025-0328,PO-2025-0328,C-1445,2025-08-17,2025-08-25,New,ac4bf4fb64d1b77a65fec6,118.98,I-2025-0328
O-2025-0329,PO-2025-0329,C-1500,2025-07-28,2025-08-03,Sent,c7d1801d992b028744c246,1109.97,I-2025-0329
O-2025-0330,PO-2025-0330,C-1292,2025-07-24,2025-07-28,Priced,48b6c694736b10f93da5b4,189.0,I-2025-0330
O-2025-0331,PO-2025-0331,C-1309,2025-07-25,2025-07-27,Invoiced,38464dab47f8476687ade4,232.9,I-2025-0331
O-2025-0332,PO-2025-0332,C-1474,2025-07-31,2025-08-07,Sent,e1589007e2d085bad6436e,122.72,I-2025-0332
O-2025-0333,PO-2025-0333,C-1137,2025-09-15,2025-09-25,Priced,0773d7ce82b6e794108885,174.72,I-2025-0333
O-2025-0334,PO-2025-0334,C-1385,2025-08-18,2025-08-26,Priced,a289dcf0dcadda92174d6b,5188.14,I-2025-0334
O-2025-0335,PO-2025-0335,C-1201,2025-08-18,2025-08-22,Sent,c62eae7f92dd1fde7865e3,1596.19,I-2025-0335
O-2025-0336,PO-2025-0336,C-1422,2025-08-31,2025-09-06,Priced,923b8f3ea35aab159f7f91,297.57,I-2025-0336
O-2025-0337,PO-2025-0337,C-1311,2025-09-28,2025-10-02,Sent,488ca302dab7868e66aaa5,2474.34,I-2025-0337
O-2025-0338,PO-2025-0338,C-1436,2025-08-24,2025-08-28,Sent,a10fc1092a0e3888ef1222,4010.79,I-2025-0338
O-2025-0339,PO-2025-0339,C-1386,2025-07-26,2025-07-28,Invoiced,8aff2aa160eabe61c6288d,425.92,I-2025-0339
O-2025-0340,PO-2025-0340,C-1100,2025-10-17,2025-10-23,Priced,3c6aa58d702b4aa4a5601e,143.45,I-2025-0340
O-2025-0341,PO-2025-0341,C-1283,2025-08-26,2025-09-04,Invoiced,db36c0e462cb05b681875f,42.06,I-2025-0341
O-2025-0342,PO-2025-0342,C-1280,2025-08-10,2025-08-13,Priced,b7784b6ff3067cf692997e,3096.33,I-2025-0342
O-2025-0343,PO-2025-0343,C-1310,2025-09-28,2025-10-06,Priced,f9266ff963599e9d9bcb35,4188.8,I-2025-0343
O-2025-0344,PO-2025-0344,C-1254,2025-09-18,2025-09-22,Priced,c01428d49359bf9220014a,643.2,I-2025-0344
O-2025-0345,PO-2025-0345,C-1334,2025-10-15,2025-10-20,Sent,db9313c72a8298ad62cf2e,287.32,I-2025-0345
O-2025-0346,PO-2025-0346,C-1120,2025-09-04,2025-09-09,New,ef6f1f892ffd8fdad62075,81.46,I-2025-0346
O-2025-0347,PO-2025-0347,C-1480,2025-09-28,2025-10-06,Invoiced,f2ceacd03f712313a56077,588.11,I-2025-0347
O-2025-0348,PO-2025-0348,C-1045,2025-10-04,2025-10-08,Sent,259d913730424f4780467f,89.05,I-2025-0348
O-2025-0349,PO-2025-0349,C-1429,2025-09-21,2025-09-29,Priced,c9cafbdf1bf28546f0d850,5100.75,I-2025-0349
O-2025-0350,PO-2025-0350,C-1134,2025-08-26,2025-09-03,Sent,3ae077003d04e140c9c82c,1927.74,I-2025-0350
O-2025-0351,PO-2025-0351,C-1375,2025-07-28,2025-08-02,Invoiced,e86fab0782595f6bb333b2,123.59,I-2025-0351
O-2025-0352,PO-2025-0352,C-1258,2025-09-25,2025-09-27,Sent,d78f8f02fb998bbe431aec,696.78,I-2025-0352
O-2025-0353,PO-2025-0353,C-1025,2025-09-04,2025-09-08,Sent,3a1a0fca203ea7f547bcda,91.13,I-2025-0353
O-2025-0354,PO-2025-0354,C-1149,2025-09-10,2025-09-13,Sent,9b96ccf263b9e5f26b4278,36.35,I-2025-0354
O-2025-0355,PO-2025-0355,C-1170,2025-07-29,2025-08-06,Priced,63d528aa6d9903012c3050,209.82,I-2025-0355
O-2025-0356,PO-2025-0356,C-1292,2025-09-20,2025-09-27,Priced,1a260b62f5d745cf925bf4,117.26,I-2025-0356
O-2025-0357,PO-2025-0357,C-1009,2025-10-11,2025-10-21,New,86a84d45f22c5190b63c16,129.6,I-2025-0357
O-2025-0358,PO-2025-0358,C-1152,2025-09-18,2025-09-22,Sent,e625f551fa13bf6c508952,275.66,I-2025-0358
O-2025-0359,PO-2025-0359,C-1136,2025-07-30,2025-08-07,Sent,b51cbf70b1e1a896fed635,165.0,I-2025-0359
O-2025-0360,PO-2025-0360,C-1136,2025-10-11,2025-10-21,Invoiced,80a023b77b830a929633db,364.07,I-2025-0360
O-2025-0361,PO-2025-0361,C-1149,2025-08-25,2025-08-27,Priced,82326cf6da47e9b38522a0,330.96,I-2025-0361
O-2025-0362,PO-2025-0362,C-1316,2025-08-16,2025-08-21,Sent,242f71929c7dd545e0e599,2116.53,I-2025-0362
O-2025-0363,PO-2025-0363,C-1367,2025-09-11,2025-09-17,Sent,32c6ace773f6bb06eb0c08,2392.32,I-2025-0363
O-2025-0364,PO-2025-0364,C-1087,2025-10-10,2025-10-20,Sent,24b07bb270a6c527290ed0,96.2,I-2025-0364
O-2025-0365,PO-2025-0365,C-1434,2025-09-12,2025-09-18,Sent,b475791efb97984fc4e80b,246.0,I-2025-0365
O-2025-0366,PO-2025-0366,C-1410,2025-10-15,2025-10-20,New,6d42bf46228bec1d198540,1931.91,I-2025-0366
O-2025-0367,PO-2025-0367,C-1466,2025-08-16,2025-08-26,Sent,472ea5bbb1882f388758d1,77.12,I-2025-0367
O-2025-0368,PO-2025-0368,C-1329,2025-09-08,2025-09-16,Priced,b98d40a8a99c3a309e261d,217.3,I-2025-0368
O-2025-0369,PO-2025-0369,C-1206,2025-08-08,2025-08-10,New,5eba647ef5c571f460085c,260.3,I-2025-0369
O-2025-0370,PO-2025-0370,C-1213,2025-09-09,2025-09-16,Priced,1244189e0cd36868357010,1245.6,I-2025-0370
O-2025-0371,PO-2025-0371,C-1470,2025-08-19,2025-08-29,Invoiced,00bb8b3fc414996199deee,333.3,I-2025-0371
O-2025-0372,PO-2025-0372,C-1108,2025-09-07,2025-09-15,Invoiced,84e75cc7ff05af9ae9a82f,62.55,I-2025-0372
O-2025-0373,PO-2025-0373,C-1447,2025-07-28,2025-08-02,Sent,58f289d7d239774655fa1e,140.58,I-2025-0373
O-2025-0374,PO-2025-0374,C-1268,2025-08-08,2025-08-15,Sent,868f163c2e0ab6947d481f,564.97,I-2025-0374
O-2025-0375,PO-2025-0375,C-1337,2025-10-13,2025-10-16,Priced,f8ec78426554990622b377,282.24,I-2025-0375
O-2025-0376,PO-2025-0376,C-1242,2025-10-17,2025-10-19,New,dc6ddba7a8cf9b1c6538fe,2054.03,I-2025-0376
O-2025-0377,PO-2025-0377,C-1108,2025-09-20,2025-09-30,New,9598489b66888730207136,1399.0,I-2025-0377
O-2025-0378,PO-2025-0378,C-1450,2025-09-30,2025-10-03,Priced,9c86ac82ca7e6cf0172728,231.2,I-2025-0378
O-2025-0379,PO-2025-0379,C-1464,2025-10-21,2025-10-31,Sent,da970b0779dcdf357c7bcd,192.24,I-2025-0379
O-2025-0380,PO-2025-0380,C-1349,2025-09-01,2025-09-10,Sent,02179e34d44f8111efabce,2525.39,I-2025-0380
O-2025-0381,PO-2025-0381,C-1059,2025-09-02,2025-09-10,Sent,c9b97d98d2a4c46467c0c3,3958.36,I-2025-0381
O-2025-0382,PO-2025-0382,C-1222,2025-08-19,2025-08-23,Invoiced,7c831977e9b27168bb2d55,2684.5,I-2025-0382
O-2025-0383,PO-2025-0383,C-1047,2025-09-09,2025-09-16,New,5b89c073467421b98ae7be,89.28,I-2025-0383
O-2025-0384,PO-2025-0384,C-1007,2025-08-12,2025-08-16,New,a68afe1c447b09d3770f9b,7477.56,I-2025-0384
O-2025-0385,PO-2025-0385,C-1416,2025-08-11,2025-08-19,Sent,afb9a6d1e671bf6f0fbe4c,86.8,I-2025-0385
O-2025-0386,PO-2025-0386,C-1315,2025-10-06,2025-10-16,New,e376365b1d95a464023d14,222.6,I-2025-0386
O-2025-0387,PO-2025-0387,C-1417,2025-07-29,2025-08-01,Invoiced,3c619cbaea5ca77d4190ef,454.8,I-2025-0387
O-2025-0388,PO-2025-0388,C-1374,2025-08-18,2025-08-24,Sent,e4872e30733456b1a4d214,255.36,I-2025-0388
O-2025-0389,PO-2025-0389,C-1033,2025-08-09,2025-08-11,Priced,947a6808501b73495f4682,26.3,I-2025-0389
O-2025-0390,PO-2025-0390,C-1315,2025-10-16,2025-10-24,Invoiced,54570aa0dda3c1f2b0020f,256.1,I-2025-0390
O-2025-0391,PO-2025-0391,C-1168,2025-08-09,2025-08-13,Priced,14267115921d63d82d405d,479.88,I-2025-0391
O-2025-0392,PO-2025-0392,C-1194,2025-08-09,2025-08-11,New,a901c44313226fc2b4d642,183.52,I-2025-0392
O-2025-0393,PO-2025-0393,C-1227,2025-09-15,2025-09-17,Priced,96320cf3ca7ed49a59d5d1,772.56,I-2025-0393
O-2025-0394,PO-2025-0394,C-1289,2025-07-31,2025-08-06,Invoiced,ef53a0e617f369547f4c65,153.14,I-2025-0394
O-2025-0395,PO-2025-0395,C-1283,2025-09-04,2025-09-09,Priced,3ec6e21727aefb834f4886,543.66,I-2025-0395
O-2025-0396,PO-2025-0396,C-1276,2025-08-10,2025-08-16,Invoiced,939e8a653f16cab137320b,23.85,I-2025-0396
O-2025-0397,PO-2025-0397,C-1418,2025-09-22,2025-10-02,Sent,0e643214c94c65429d2d4c,162.69,I-2025-0397
O-2025-0398,PO-2025-0398,C-1323,2025-08-30,2025-09-01,Priced,d4d1a26eb916f0a8331162,3267.0,I-2025-0398
O-2025-0399,PO-2025-0399,C-1127,2025-10-03,2025-10-09,Sent,0c33f3e67cf4c4d8b10169,863.94,I-2025-0399
O-2025-0400,PO-2025-0400,C-1500,2025-08-28,2025-08-31,Sent,04e2e28ede680fe932fc4e,152.62,I-2025-0400
O-2025-0401,PO-2025-0401,C-1164,2025-08-17,2025-08-20,Invoiced,b9a7f938057dec1ec1aedf,389.98,I-2025-0401
O-2025-0402,PO-2025-0402,C-1412,2025-10-14,2025-10-17,Priced,1d7a5ee1e36d56d318f0a4,714.08,I-2025-0402
O-2025-0403,PO-2025-0403,C-1147,2025-08-13,2025-08-18,Invoiced,140b1556af218d5f2abe0a,4420.48,I-2025-0403
O-2025-0404,PO-2025-0404,C-1278,2025-10-07,2025-10-13,Invoiced,e5649f3059ab65a65c42f7,63.0,I-2025-0404
O-2025-0405,PO-2025-0405,C-1186,2025-09-12,2025-09-19,New,60004fe13f6afd4c8c10ff,177.01,I-2025-0405
O-2025-0406,PO-2025-0406,C-1070,2025-09-29,2025-10-03,New,63b1da2222204523f9401b,2618.0,I-2025-0406
O-2025-0407,PO-2025-0407,C-1456,2025-08-05,2025-08-08,Sent,50dc3ffe2a9e0e4ae57f97,62.46,I-2025-0407
O-2025-0408,PO-2025-0408,C-1053,2025-10-10,2025-10-16,Sent,b549d2cc1a48c4e2018890,297.81,I-2025-0408
O-2025-0409,PO-2025-0409,C-1286,2025-10-05,2025-10-08,Sent,1d9e7eed695555759b0c2e,129.27,I-2025-0409
O-2025-0410,PO-2025-0410,C-1354,2025-08-30,2025-09-06,Sent,8c66b6637470626e684e05,26.88,I-2025-0410
O-2025-0411,PO-2025-0411,C-1315,2025-08-12,2025-08-20,Priced,4c7e5e042be24001b4b5f6,2406.28,I-2025-0411
O-2025-0412,PO-2025-0412,C-1434,2025-10-05,2025-10-07,Priced,d962273c32ca4231ae2600,70.85,I-2025-0412
O-2025-0413,PO-2025-0413,C-1317,2025-10-07,2025-10-10,Invoiced,14222468ce532697f03250,219.2,I-2025-0413
O-2025-0414,PO-2025-0414,C-1273,2025-09-06,2025-09-08,Priced,0191335391000ba6625bab,238.28,I-2025-0414
O-2025-0415,PO-2025-0415,C-1231,2025-10-05,2025-10-09,Priced,4cbf23fa7e8154bd7c14c3,377.3,I-2025-0415
O-2025-0416,PO-2025-0416,C-1497,2025-09-14,2025-09-22,Priced,5aac1098da70ac923a6aa7,540.0,I-2025-0416
O-2025-0417,PO-2025-0417,C-1126,2025-08-09,2025-08-13,Priced,78912d8486e142400b75e9,2998.48,I-2025-0417
O-2025-0418,PO-2025-0418,C-1358,2025-08-01,2025-08-06,New,69ad63fc8478c751fee21c,209.2,I-2025-0418
O-2025-0419,PO-2025-0419,C-1220,2025-09-11,2025-09-17,Priced,7c3e1224f3c3f56e676889,82.95,I-2025-0419
O-2025-0420,PO-2025-0420,C-1158,2025-09-13,2025-09-17,Priced,f9f66ed2adcceb2fbb993a,107.9,I-2025-0420
O-2025-0421,PO-2025-0421,C-1445,2025-10-15,2025-10-22,Sent,2c478debb0efb7e5d4a73a,115.7,I-2025-0421
O-2025-0422,PO-2025-0422,C-1099,2025-09-17,2025-09-21,Sent,eb41e7c76632df831fed0f,248.16,I-2025-0422
O-2025-0423,PO-2025-0423,C-1396,2025-09-30,2025-10-05,Priced,c6790c2f86bab6da4eee90,160.27,I-2025-0423
O-2025-0424,PO-2025-0424,C-1075,2025-08-25,2025-09-01,Sent,1930ae01567c8bb0e388ab,206.77,I-2025-0424
O-2025-0425,PO-2025-0425,C-1140,2025-08-22,2025-08-25,Priced,681358a4a77500a16e677d,193.83,I-2025-0425
O-2025-0426,PO-2025-0426,C-1405,2025-10-15,2025-10-18,Invoiced,9ba3b6186f8619d65b8a21,28.7,I-2025-0426
O-2025-0427,PO-2025-0427,C-1192,2025-08-16,2025-08-22,Priced,896725533ac846a1eb50a8,265.6,I-2025-0427
O-2025-0428,PO-2025-0428,C-1004,2025-08-11,2025-08-21,Priced,2d2c68a415b05d5413c73e,170.15,I-2025-0428
O-2025-0429,PO-2025-0429,C-1392,2025-08-20,2025-08-30,Sent,dfc7ef1e822bae3c0711db,750.6,I-2025-0429
O-2025-0430,PO-2025-0430,C-1494,2025-07-29,2025-08-05,Sent,7daf19eb619a15956c609a,1976.44,I-2025-0430
O-2025-0431,PO-2025-0431,C-1366,2025-09-07,2025-09-11,Priced,d42aa5c9f2d9c3900b7301,509.85,I-2025-0431
O-2025-0432,PO-2025-0432,C-1382,2025-10-20,2025-10-23,New,6d208259347578d3483712,293.97,I-2025-0432
O-2025-0433,PO-2025-0433,C-1125,2025-10-21,2025-10-31,Sent,f64dc03ffbd65c265d92ba,112.08,I-2025-0433
O-2025-0434,PO-2025-0434,C-1011,2025-09-30,2025-10-08,Sent,1a6010c4d71f30abf56a39,1188.81,I-2025-0434
O-2025-0435,PO-2025-0435,C-1020,2025-10-06,2025-10-08,Invoiced,9388bc4df2af5f18fc90b0,403.5,I-2025-0435
O-2025-0436,PO-2025-0436,C-1125,2025-09-14,2025-09-22,Priced,e0c1fa61dd9cefcdde3fd1,2039.88,I-2025-0436
O-2025-0437,PO-2025-0437,C-1222,2025-09-24,2025-09-29,Invoiced,9428fb263fb50b677d87d2,347.1,I-2025-0437
O-2025-0438,PO-2025-0438,C-1279,2025-09-28,2025-10-05,New,b6ca769267d89b76ff52e9,2927.64,I-2025-0438
O-2025-0439,PO-2025-0439,C-1298,2025-10-05,2025-10-10,Sent,9159725974838f85eef4c1,4010.79,I-2025-0439
O-2025-0440,PO-2025-0440,C-1303,2025-09-06,2025-09-14,Priced,1811f80d50b24b2f8e5703,686.2,I-2025-0440
O-2025-0441,PO-2025-0441,C-1375,2025-08-11,2025-08-18,Invoiced,18d049f6a5f2d63186e0fa,112.45,I-2025-0441
O-2025-0442,PO-2025-0442,C-1217,2025-08-09,2025-08-15,Sent,957cafb5ebcc4ff56c706e,1396.36,I-2025-0442
O-2025-0443,PO-2025-0443,C-1131,2025-09-03,2025-09-06,Priced,aefa6e8ad8c8daeafadd3f,130.8,I-2025-0443
O-2025-0444,PO-2025-0444,C-1441,2025-10-15,2025-10-24,Invoiced,80893cac93d43f69585cc5,148.4,I-2025-0444
O-2025-0445,PO-2025-0445,C-1138,2025-09-12,2025-09-21,Priced,d032f93073bed94c5aa3e1,3219.3,I-2025-0445
O-2025-0446,PO-2025-0446,C-1020,2025-10-17,2025-10-21,Sent,a45af1331e9caadc9d51be,493.4,I-2025-0446
O-2025-0447,PO-2025-0447,C-1445,2025-08-13,2025-08-21,Priced,ed26aec5b8788a551a609e,365.4,I-2025-0447
O-2025-0448,PO-2025-0448,C-1341,2025-08-30,2025-09-06,Sent,5abbe67817341ddad56bd2,121.8,I-2025-0448
O-2025-0449,PO-2025-0449,C-1132,2025-09-28,2025-10-01,Invoiced,c729e63960de9f6705bbd8,78.91,I-2025-0449
O-2025-0450,PO-2025-0450,C-1412,2025-08-04,2025-08-08,Sent,3cd88f45eaa05d65d22b14,3904.14,I-2025-0450
O-2025-0451,PO-2025-0451,C-1311,2025-10-09,2025-10-12,New,59ba31d34693ceada97a10,2066.58,I-2025-0451
O-2025-0452,PO-2025-0452,C-1415,2025-07-31,2025-08-09,Priced,216a1083929391537c1028,265.68,I-2025-0452
O-2025-0453,PO-2025-0453,C-1380,2025-10-10,2025-10-13,Priced,3450f0c6c379eb45098763,99.0,I-2025-0453
O-2025-0454,PO-2025-0454,C-1351,2025-10-19,2025-10-28,Sent,41b2c81138220c13614218,201.75,I-2025-0454
O-2025-0455,PO-2025-0455,C-1379,2025-08-17,2025-08-20,Sent,a8ba3d39a1f7360b947700,84.5,I-2025-0455
O-2025-0456,PO-2025-0456,C-1234,2025-08-06,2025-08-14,Priced,8d0a891305ce914a5e6795,114.24,I-2025-0456
O-2025-0457,PO-2025-0457,C-1041,2025-08-22,2025-08-31,Invoiced,a1c86269626de7305318d7,31.57,I-2025-0457
O-2025-0458,PO-2025-0458,C-1390,2025-08-28,2025-09-05,Sent,4ce26b0f1c614a1281686e,143.85,I-2025-0458
O-2025-0459,PO-2025-0459,C-1276,2025-10-03,2025-10-11,Invoiced,ee38c30879a63dc92fcbf1,1703.4,I-2025-0459
O-2025-0460,PO-2025-0460,C-1115,2025-08-27,2025-08-30,New,46e2182841311bcfad7a8b,3465.6,I-2025-0460
O-2025-0461,PO-2025-0461,C-1315,2025-09-18,2025-09-20,Priced,e2718656819afe013cdd5d,488.56,I-2025-0461
O-2025-0462,PO-2025-0462,C-1237,2025-09-07,2025-09-14,Invoiced,2d66467819e8b9996f20ca,174.6,I-2025-0462
O-2025-0463,PO-2025-0463,C-1357,2025-08-13,2025-08-16,Priced,cb61d19840d4907254853b,171.8,I-2025-0463
O-2025-0464,PO-2025-0464,C-1436,2025-08-27,2025-09-01,Invoiced,2ece1c19b5e1bff4762edf,2147.6,I-2025-0464
O-2025-0465,PO-2025-0465,C-1120,2025-10-04,2025-10-10,Priced,13c435303ec98bc9a6a5c8,681.75,I-2025-0465
O-2025-0466,PO-2025-0466,C-1360,2025-08-05,2025-08-14,Invoiced,c3ac161e39360b1abfb222,166.32,I-2025-0466
O-2025-0467,PO-2025-0467,C-1468,2025-08-23,2025-08-27,Sent,640e1c42c8d2f0b3d5b46b,412.49,I-2025-0467
O-2025-0468,PO-2025-0468,C-1214,2025-08-27,2025-08-29,Invoiced,91738be75d2dfa98d61ec0,1755.6,I-2025-0468
O-2025-0469,PO-2025-0469,C-1090,2025-07-27,2025-07-31,Priced,669e622536911dc3adcc44,129.92,I-2025-0469
O-2025-0470,PO-2025-0470,C-1091,2025-09-26,2025-10-01,Priced,3ca83335fb6e406cc23869,1558.08,I-2025-0470
O-2025-0471,PO-2025-0471,C-1105,2025-09-04,2025-09-06,Invoiced,5fdaecf9eedd36ed6551d6,111.72,I-2025-0471
O-2025-0472,PO-2025-0472,C-1409,2025-10-06,2025-10-13,Priced,8f344baa86789761bd0dd9,121.59,I-2025-0472
O-2025-0473,PO-2025-0473,C-1494,2025-08-19,2025-08-29,Priced,fbf16d6b0588fa6a4ea3bf,313.28,I-2025-0473
O-2025-0474,PO-2025-0474,C-1453,2025-08-27,2025-09-03,Sent,056d9f742beec67b9ec1fd,55.12,I-2025-0474
O-2025-0475,PO-2025-0475,C-1252,2025-09-15,2025-09-19,Sent,d4f16c843bdda383b1cd28,3882.06,I-2025-0475
O-2025-0476,PO-2025-0476,C-1472,2025-09-25,2025-10-02,New,db78c0352fb344a489bb38,101.78,I-2025-0476
O-2025-0477,PO-2025-0477,C-1216,2025-08-03,2025-08-12,Sent,b0ede4d7e262368b8e8e77,1394.9,I-2025-0477
O-2025-0478,PO-2025-0478,C-1147,2025-10-14,2025-10-19,Sent,db253bcedfc778442f7719,107.78,I-2025-0478
O-2025-0479,PO-2025-0479,C-1334,2025-08-18,2025-08-20,Invoiced,00b94066b2bb58f5a5523a,2117.34,I-2025-0479
O-2025-0480,PO-2025-0480,C-1134,2025-09-20,2025-09-22,Sent,91034fad19c896518a53fc,361.5,I-2025-0480
O-2025-0481,PO-2025-0481,C-1218,2025-08-03,2025-08-13,Invoiced,a8a4796ac6eb0526f90a1b,107.16,I-2025-0481
O-2025-0482,PO-2025-0482,C-1096,2025-09-24,2025-10-02,Sent,d5da96e101e8644d3917b5,242.42,I-2025-0482
O-2025-0483,PO-2025-0483,C-1168,2025-10-08,2025-10-14,Priced,0ed2bc7351eac64d743fe1,123.59,I-2025-0483
O-2025-0484,PO-2025-0484,C-1462,2025-09-14,2025-09-21,Invoiced,13988ab79599c8bafef865,107.28,I-2025-0484
O-2025-0485,PO-2025-0485,C-1276,2025-08-18,2025-08-21,Invoiced,4c98b0038dd329d42be9b3,352.24,I-2025-0485
O-2025-0486,PO-2025-0486,C-1161,2025-08-11,2025-08-20,Sent,4f4631e530133c478a10fb,1843.2,I-2025-0486
O-2025-0487,PO-2025-0487,C-1380,2025-10-21,2025-10-29,Priced,c5e18f9169e426aeec0feb,1278.5,I-2025-0487
O-2025-0488,PO-2025-0488,C-1459,2025-10-20,2025-10-30,Invoiced,24c18682aa7e6a69cf0349,1046.42,I-2025-0488
O-2025-0489,PO-2025-0489,C-1072,2025-10-15,2025-10-22,Invoiced,c87b20fae4572c8f2542b0,224.22,I-2025-0489
O-2025-0490,PO-2025-0490,C-1486,2025-09-27,2025-10-05,New,640cd465477cb95b0daf95,410.13,I-2025-0490
O-2025-0491,PO-2025-0491,C-1169,2025-10-11,2025-10-18,Invoiced,28788b66ff933a0ae29efc,164.56,I-2025-0491
O-2025-0492,PO-2025-0492,C-1142,2025-10-16,2025-10-25,Sent,190831b4f9f532b41b1790,91.96,I-2025-0492
O-2025-0493,PO-2025-0493,C-1184,2025-08-03,2025-08-11,Invoiced,ad53a608dc6ab6c6a92cf8,1734.6,I-2025-0493
O-2025-0494,PO-2025-0494,C-1270,2025-08-19,2025-08-23,Priced,368584f6ea896587445951,415.8,I-2025-0494
O-2025-0495,PO-2025-0495,C-1351,2025-10-21,2025-10-28,Invoiced,2894bf1ab48af27cdac965,365.2,I-2025-0495
O-2025-0496,PO-2025-0496,C-1224,2025-08-31,2025-09-03,Invoiced,793be0f582d630c57a2424,1976.08,I-2025-0496
O-2025-0497,PO-2025-0497,C-1284,2025-07-29,2025-08-08,Sent,6bfcdf4c340d53b5e6f7e5,4978.47,I-2025-0497
O-2025-0498,PO-2025-0498,C-1457,2025-09-11,2025-09-13,Invoiced,6ded6b7053ed491bbd57aa,3398.34,I-2025-0498
O-2025-0499,PO-2025-0499,C-1497,2025-09-02,2025-09-07,Invoiced,da7d81224f5784679ddd1c,535.08,I-2025-0499
O-2025-0500,PO-2025-0500,C-1234,2025-09-22,2025-09-29,Priced,2a414c5a6488a3c59475c9,314.65,I-2025-0500
